,link,uploaded_date,views,likes,dislikes
0,https://www.youtube.com/watch?v=chtUIhEFZyc,4 Oct 2019,"1,816",39,None
1,https://www.youtube.com/watch?v=QQ_3S-IQm38,15 Feb 2018,"22,735,119","240,727","10,948"
2,https://www.youtube.com/watch?v=bo-LxCpnD2U,17 May 2020,419,26,None
3,https://www.youtube.com/watch?v=XVuNGKnsqUA,21 Jul 2016,"2,335,590","67,927",521
4,https://www.youtube.com/watch?v=eBRnDTDgKss,19 Sep 2020,837,16,None
5,https://www.youtube.com/watch?v=qcv6O-98dmI,7 Mar 2015,"39,106",346,13
6,https://www.youtube.com/watch?v=u9538JcFZMU,28 Jul 2017,"316,423","1,837",154
7,https://www.youtube.com/watch?v=9YF7MAR-WN8,24 May 2012,"301,936",499,115
8,https://www.youtube.com/watch?v=fOMc7u5NGEc,16 Sep 2020,"1,386",15,3
9,https://www.youtube.com/watch?v=PO9Z2VZ9ixE,7 Sep 2018,"8,969,795","132,580","4,373"
10,https://www.youtube.com/watch?v=NOA7d7zNImw,10 Feb 2020,"687,695","4,563",190
11,https://www.youtube.com/watch?v=pVIvO83_Rtc,14 Jun 2017,"92,635,876","203,804","31,853"
12,https://www.youtube.com/watch?v=QPrcmbkIpRk,22 Jun 2019,"213,834",726,147
13,https://www.youtube.com/watch?v=8AxWqsjIngU,20 Dec 2018,"24,121,383","84,836","43,561"
14,https://www.youtube.com/watch?v=wPNQw8naE2Q,22 Mar 2014,"844,784,060","1,568,297","899,231"
15,https://www.youtube.com/watch?v=Z4kDfGf6Y00,12 Apr 2019,"1,833",99,2
16,https://www.youtube.com/watch?v=kt1lgIQW7rY,Premiered on 10 Jul 2019,"843,572","4,834",446
17,https://www.youtube.com/watch?v=tvVmuvBVWgo,14 Jun 2020,"5,508",49,2
18,https://www.youtube.com/watch?v=VxRQW4FGKNc,13 Aug 2018,"151,281,712","510,925","238,990"
19,https://www.youtube.com/watch?v=u9Dg-g7t2l4,8 Dec 2015,"643,018,240","3,850,748","223,698"
20,https://www.youtube.com/watch?v=RMf7OuARCaM,30 Oct 2011,"90,498",726,28
21,https://www.youtube.com/watch?v=HpzjRrfdZoY,11 Mar 2018,"3,935,410","56,234","2,641"
22,https://www.youtube.com/watch?v=VmP8RET6Bi0,14 Aug 2020,"130,073","2,787",375
23,https://www.youtube.com/watch?v=FMr2lLjW85o,6 Feb 2020,"814,793","14,938",143
24,https://www.youtube.com/watch?v=pTn-kJxAWrs,18 Jan 2018,"3,216",66,3
25,https://www.youtube.com/watch?v=avJeEM0V2-c,10 Jul 2020,615,33,None
26,https://www.youtube.com/watch?v=copoFFyD0gs,13 Aug 2019,"9,302",154,7
27,https://www.youtube.com/watch?v=z9yqXzPLUNg,30 Mar 2019,"2,842,937","5,468","3,067"
28,https://www.youtube.com/watch?v=4LryRV4KQCs,25 Aug 2018,"18,445,746","859,486","11,992"
29,https://www.youtube.com/watch?v=1sj0fr5I1H0,27 Oct 2017,"1,449",4,4
30,https://www.youtube.com/watch?v=RwLbg7uf5g0,1 Jul 2016,"5,062",32,5
31,https://www.youtube.com/watch?v=RBPU8p35xv4,16 Apr 2020,902,34,2
32,https://www.youtube.com/watch?v=WRxfnoonqJU,9 Jul 2020,"134,536","1,148",148
33,https://www.youtube.com/watch?v=4kWKpdh9BvI,28 Sep 2020,121,7,1 dislike
34,https://www.youtube.com/watch?v=QO8N9vkqYt8,9 Sep 2017,"2,845",33,13
35,https://www.youtube.com/watch?v=bCumY_Q3Cvs,11 Jan 2018,"1,437,814","9,625",931
36,https://www.youtube.com/watch?v=cLX8eUyxJAI,19 Dec 2017,"67,376","2,150",95
37,https://www.youtube.com/watch?v=P9FvLDtNP2w,7 Jul 2019,"22,311",601,70
38,https://www.youtube.com/watch?v=CKULwce4XmA,12 Jan 2017,"24,528,616","34,434","19,728"
39,https://www.youtube.com/watch?v=DjYU_bPlRao,11 May 2012,"56,510,262","50,551","23,997"
40,https://www.youtube.com/watch?v=Ar27BWNHgmA,31 Mar 2016,"3,262",18,1 dislike
41,https://www.youtube.com/watch?v=Ec0d9_Ps8p8,15 Apr 2016,"149,750,361","420,490","237,867"
42,https://www.youtube.com/watch?v=KFfuQOgRsXk,20 Mar 2020,"3,919",94,6
43,https://www.youtube.com/watch?v=JPOO_WYRcAI,6 Nov 2017,"43,283",496,9
44,https://www.youtube.com/watch?v=FUstnlQzd3I,29 May 2018,"55,514",682,57
45,https://www.youtube.com/watch?v=9maz-P4BEPc,20 Jul 2016,"3,037,946","79,897",731
46,https://www.youtube.com/watch?v=AhovTR_NI7g,29 Aug 2019,10,1 like,None
47,https://www.youtube.com/watch?v=DUJkWyuhK3U,Premiered 9 hours ago,103,10,None
48,https://www.youtube.com/watch?v=wJuZ7GgHPxw,20 Jan 2019,"5,398",181,17
49,https://www.youtube.com/watch?v=IuFHkANRuu0,13 Jan 2020,"55,065","2,081",68
50,https://www.youtube.com/watch?v=JYjcZqLN_gc,19 Dec 2017,27,3,1 dislike
51,https://www.youtube.com/watch?v=IxJmrHO3WJo,8 Aug 2020,"114,883","6,957",74
52,https://www.youtube.com/watch?v=zPwnW-p3B9o,24 May 2020,"13,533",231,7
53,https://www.youtube.com/watch?v=kNvpzHpLfrg,27 Sep 2020,"2,262",268,2
54,https://www.youtube.com/watch?v=TjzZsclieZs,19 Jan 2013,"51,481",93,46
55,https://www.youtube.com/watch?v=LjxulQ1bEWg,15 May 2018,"1,040,783,673","5,321,616","306,753"
56,https://www.youtube.com/watch?v=tHv7zyeGKJY,11 Dec 2019,257,1 like,None
57,https://www.youtube.com/watch?v=Pm8NDj5FOLE,12 Dec 2019,"3,919",108,2
58,https://www.youtube.com/watch?v=R2Jr2I23QsQ,23 Sep 2014,"11,867",109,6
59,https://www.youtube.com/watch?v=aKDHrNY1LKw,20 Apr 2008,"2,398,512","4,702","1,149"
60,https://www.youtube.com/watch?v=O5_eqetEMaw,3 Sep 2017,"12,159",44,8
61,https://www.youtube.com/watch?v=DejuUCwDOqw,11 Nov 2013,"179,807",927,20
62,https://www.youtube.com/watch?v=rn83OWgGYNo,3 Jul 2019,"6,319",144,7
63,https://www.youtube.com/watch?v=NHM-iJX1AMU,27 Aug 2018,"159,521","1,659",179
64,https://www.youtube.com/watch?v=mbOJ2qgOrpc,Premiered on 27 Aug 2020,"1,422",36,7
65,https://www.youtube.com/watch?v=cPHi8naS3xc,Streamed live on 31 May 2020,"8,411","1,256",5
66,https://www.youtube.com/watch?v=a4SyoAppjWc,24 Mar 2018,"164,164,438","613,202","356,045"
67,https://www.youtube.com/watch?v=nf4Zt6j531k,25 Jan 2019,578,3,None
68,https://www.youtube.com/watch?v=scJW9A0OIYo,17 Nov 2014,"1,940,758","12,847","1,417"
69,https://www.youtube.com/watch?v=2I3NgxDAiqE,12 Mar 2014,"150,243,276","496,840","54,431"
70,https://www.youtube.com/watch?v=IgOA7HEgxlk,11 May 2020,"19,928",656,23
71,https://www.youtube.com/watch?v=jWnnpIPAPL8,10 Nov 2017,"938,330","47,795",304
72,https://www.youtube.com/watch?v=Gbx-EQ3vfVg,Premiered on 17 Nov 2019,"12,759",611,39
73,https://www.youtube.com/watch?v=r3tKm3DM41M,20 Feb 2020,"276,427","2,374",215
74,https://www.youtube.com/watch?v=nYBU67X0xbQ,17 Apr 2010,"187,270",988,25
75,https://www.youtube.com/watch?v=zRrxvOB18EI,30 Jan 2019,"65,091,695","138,236","65,209"
76,https://www.youtube.com/watch?v=gy-8Xcr1pYU,8 Jun 2020,"21,569",494,5
77,https://www.youtube.com/watch?v=BznrdRKLLuc,8 Oct 2008,"345,439","1,962",70
78,https://www.youtube.com/watch?v=ADE6UYhtT1I,15 Apr 2017,"56,580","1,763",104
79,https://www.youtube.com/watch?v=XeraCWlYFwA,14 Oct 2019,"11,353,665","126,901","5,838"
80,https://www.youtube.com/watch?v=av_ySQqLlz8,31 Mar 2016,"1,065",2,1 dislike
81,https://www.youtube.com/watch?v=u0fIpD2D5yc,27 Feb 2020,"20,770",517,20
82,https://www.youtube.com/watch?v=aZ6XZiOJlYI,21 Nov 2015,"31,920",105,16
83,https://www.youtube.com/watch?v=B4ginIyUkn0,14 Sep 2020,"19,835",587,22
84,https://www.youtube.com/watch?v=629B0KT1zCo,17 Sep 2019,"8,689",225,5
85,https://www.youtube.com/watch?v=OgMneCCdOKM,1 Dec 2019,"67,345","2,689",59
86,https://www.youtube.com/watch?v=ztZDr0mHVKw,11 Sep 2020,"1,395",177,3
87,https://www.youtube.com/watch?v=4wHt9boBCs8,23 Sep 2018,"91,388","4,940",83
88,https://www.youtube.com/watch?v=1tVP_xDg4lo,15 Dec 2018,"428,270","8,412","1,054"
89,https://www.youtube.com/watch?v=1W2XNe6APBI,8 Aug 2019,"8,976,962","34,773","13,301"
90,https://www.youtube.com/watch?v=JwauURLG1Tw,20 Jan 2018,"258,252","10,575",270
91,https://www.youtube.com/watch?v=d7YbKj7x5xo,28 Sep 2020,23,6,None
92,https://www.youtube.com/watch?v=Q68LoX_4oWw,16 Jun 2017,"1,903",13,1 dislike
93,https://www.youtube.com/watch?v=j7c6XAwOttY,7 Jun 2020,"61,323",627,15
94,https://www.youtube.com/watch?v=vbRlA93ppLY,24 Oct 2011,"270,312",957,48
95,https://www.youtube.com/watch?v=ab4TNF0qF0E,21 Dec 2019,"28,398",990,10
96,https://www.youtube.com/watch?v=yrHDMEPsTLI,31 Dec 2019,"210,151","3,743",95
97,https://www.youtube.com/watch?v=hS2Sh1NvHjA,Premiered on 4 Mar 2020,"4,281",123,None
98,https://www.youtube.com/watch?v=oLY1rss9Jx8,19 May 2016,"7,578,630","95,425","2,111"
99,https://www.youtube.com/watch?v=YuOAepgy688,30 Nov 2019,"14,008",41,2
100,https://www.youtube.com/watch?v=iQFex0M3dkI,16 Sep 2020,607,49,None
101,https://www.youtube.com/watch?v=abQDdWCLHV4,20 Jun 2019,"1,641",54,3
102,https://www.youtube.com/watch?v=1kzWwf5ibH4,8 Jun 2016,"390,638","2,916",122
103,https://www.youtube.com/watch?v=KuwBSusTick,7 Sep 2020,844,76,None
104,https://www.youtube.com/watch?v=Q5taO1bvYVw,1 May 2020,251,41,None
105,https://www.youtube.com/watch?v=7xQRu62HAG8,29 Sep 2020,28,4,None
106,https://www.youtube.com/watch?v=PBwaRAd9b5g,30 Oct 2019,"1,716,318","41,910",637
107,https://www.youtube.com/watch?v=iLI7LT_uDFw,16 Jun 2019,"85,713","1,157",131
108,https://www.youtube.com/watch?v=VMl0YXPaZp0,17 Jan 2020,674,11,2
109,https://www.youtube.com/watch?v=txEpqWt5JP0,14 Sep 2020,"1,723",70,6
110,https://www.youtube.com/watch?v=nD0g-nPgNsA,16 Mar 2012,"70,013",906,13
111,https://www.youtube.com/watch?v=Wnc-NCarjuE,26 Sep 2020,"341,679","18,319",306
112,https://www.youtube.com/watch?v=qW2PtfGMC1c,17 Sep 2018,"19,227,717","526,263","11,770"
113,https://www.youtube.com/watch?v=VwBj9kg6A7g,26 Feb 2016,"18,013,493","107,465","26,038"
114,https://www.youtube.com/watch?v=radOIJRI8jk,16 Nov 2019,"9,384",252,8
115,https://www.youtube.com/watch?v=VuyIFERtKlQ,21 Jun 2019,"236,232","1,930",93
116,https://www.youtube.com/watch?v=fs75HfeL1io,18 Oct 2018,68,None,None
117,https://www.youtube.com/watch?v=LDS55S5NsEM,Premiered on 13 Feb 2020,"24,741,411","31,266","5,849"
118,https://www.youtube.com/watch?v=39j27waEiCs,13 Mar 2019,"5,753,951","17,922","2,041"
119,https://www.youtube.com/watch?v=L-rioVnwRw4,11 Nov 2019,996,12,None
120,https://www.youtube.com/watch?v=GbggIwSnGzI,29 Sep 2020,8,None,None
121,https://www.youtube.com/watch?v=xmCOorqKSJs,7 Jun 2019,"306,846","2,466",215
122,https://www.youtube.com/watch?v=2l1NANZn8pA,2 Sep 2019,"2,141",38,6
123,https://www.youtube.com/watch?v=LRtwjhe5xnQ,11 Apr 2020,583,41,1 dislike
124,https://www.youtube.com/watch?v=dupSdvHJkSM,Premiered on 18 Jun 2020,76,13,1 dislike
125,https://www.youtube.com/watch?v=vyJnhpECxTQ,21 Mar 2020,972,20,1 dislike
126,https://www.youtube.com/watch?v=8rr4cOBJgQc,2 Sep 2019,"9,455",296,10
127,https://www.youtube.com/watch?v=B5dG0eYJ55w,3 Jul 2020,"2,999",110,14
128,https://www.youtube.com/watch?v=p4bdPdG9lpg,12 Apr 2017,"12,291,083","81,933","16,517"
129,https://www.youtube.com/watch?v=ALb_5xNkIqk,21 Jan 2020,739,24,None
130,https://www.youtube.com/watch?v=1K5jnow49uQ,4 Jan 2020,"35,505","1,489",23
131,https://www.youtube.com/watch?v=PPDp-aUCiSk,9 Aug 2015,"85,281","1,072",44
132,https://www.youtube.com/watch?v=Oron0rVcNsU,Premiered on 25 Sep 2020,273,47,None
133,https://www.youtube.com/watch?v=oRB2PmHw9y8,26 Dec 2019,688,16,1 dislike
134,https://www.youtube.com/watch?v=Gs2Hvw_CHSs,27 Sep 2020,"3,695",131,1 dislike
135,https://www.youtube.com/watch?v=VH8EIVGyuz4,26 Nov 2018,"12,581",167,9
136,https://www.youtube.com/watch?v=LudWYC6o5lY,6 Sep 2014,"19,797",55,10
137,https://www.youtube.com/watch?v=ibm7Q1u3Mmk,10 Mar 2018,"131,171","1,759",49
138,https://www.youtube.com/watch?v=W3cAqxfY6PI,21 Nov 2018,"1,110,796","23,627",409
139,https://www.youtube.com/watch?v=pKg9gdMrJ-c,30 Sep 2013,"74,913",471,19
140,https://www.youtube.com/watch?v=i3aMdlKNneo,28 Sep 2019,"33,726,308","231,010","141,046"
141,https://www.youtube.com/watch?v=qHNICdmDx8I,20 Mar 2020,"3,363",50,1 dislike
142,https://www.youtube.com/watch?v=R2t8hrJ4EtA,13 Jul 2020,639,59,1 dislike
143,https://www.youtube.com/watch?v=mY_zpuVBDk8,11 Jul 2014,"2,751",9,None
144,https://www.youtube.com/watch?v=bz_Lh51sOkA,24 Feb 2019,8,None,None
145,https://www.youtube.com/watch?v=6RNrQbZ-WwM,31 Jan 2020,"2,125",72,2
146,https://www.youtube.com/watch?v=ao532WkRV2Q,10 Dec 2019,"2,866",69,2
147,https://www.youtube.com/watch?v=1k5GIa0NIFs,26 Jan 2020,"3,993",83,None
148,https://www.youtube.com/watch?v=dLUNyu7vTrs,1 May 2015,"224,922","4,012",160
149,https://www.youtube.com/watch?v=EcNIRL6LvX0,23 Aug 2018,"89,533","3,033",237
150,https://www.youtube.com/watch?v=mrMSxmTSZio,20 May 2020,24,2,None
151,https://www.youtube.com/watch?v=7g2aJtTJcsE,5 Sep 2020,"567,166","29,245",485
152,https://www.youtube.com/watch?v=9TCASibGAIg,9 May 2019,588,15,2
153,https://www.youtube.com/watch?v=pYTv2c-mXIM,Streamed live on 17 Apr 2020,921,62,1 dislike
154,https://www.youtube.com/watch?v=0x9kzaIRhNY,5 Oct 2019,851,30,2
155,https://www.youtube.com/watch?v=Vp1VSj4QgLs,Premiered on 24 Sep 2020,296,59,None
156,https://www.youtube.com/watch?v=dIdoAr7CIdw,12 Aug 2009,"158,631",447,35
157,https://www.youtube.com/watch?v=JcJtwfeMhFE,Streamed live on 27 Sep 2020,215,15,None
158,https://www.youtube.com/watch?v=_rOtTobO8Wg,3 Sep 2018,"739,536","13,173",821
159,https://www.youtube.com/watch?v=yVwraDqZQZU,14 Apr 2019,"35,632,553","98,516","42,634"
160,https://www.youtube.com/watch?v=WM_7HOIs4mA,Premiered on 3 Feb 2020,"1,595,283","20,953","2,651"
161,https://www.youtube.com/watch?v=5tm0nuQfOWU,28 Sep 2020,312,38,None
162,https://www.youtube.com/watch?v=KHC2bzNTTxM,Premiered on 21 Sep 2020,324,46,None
163,https://www.youtube.com/watch?v=TQ8_D_K6wJQ,20 Jun 2019,"157,374","2,865",136
164,https://www.youtube.com/watch?v=JuRg_Q7bICQ,Premiered on 26 Sep 2020,256,39,None
165,https://www.youtube.com/watch?v=g5RO196wcsQ,18 Mar 2018,"2,713,037","17,281","2,224"
166,https://www.youtube.com/watch?v=TWcWD1Av9jY,5 Aug 2018,"15,578",120,5
167,https://www.youtube.com/watch?v=xQBXJcOnxcw,18 Nov 2018,"6,286,554","74,540","2,020"
168,https://www.youtube.com/watch?v=Rpgz254ICEk,15 Mar 2020,32,None,None
169,https://www.youtube.com/watch?v=qPh13nhGM_s,7 Aug 2020,116,None,None
170,https://www.youtube.com/watch?v=Z63uOaK6QnQ,9 Mar 2012,"96,360",413,35
171,https://www.youtube.com/watch?v=ZrdRl1D0qkk,5 Nov 2018,"6,944",256,14
172,https://www.youtube.com/watch?v=AVMfbkQg7Uo,1 Apr 2018,"1,004,760","5,325",749
173,https://www.youtube.com/watch?v=KbN-cOyUuNA,8 Aug 2018,"1,711,234","31,029","2,851"
174,https://www.youtube.com/watch?v=K02WEF2pLu4,10 Sep 2020,331,8,None
175,https://www.youtube.com/watch?v=x0QTlcJqNz4,19 Aug 2020,"1,082",115,None
176,https://www.youtube.com/watch?v=ExQX69sVUMs,8 Feb 2018,"2,157",28,2
177,https://www.youtube.com/watch?v=m49riGu8zio,29 Jul 2015,"48,026",497,23
178,https://www.youtube.com/watch?v=9JuEBSr8rsA,24 May 2017,"8,240",58,None
179,https://www.youtube.com/watch?v=8EuFL7QiQPI,11 May 2019,"6,913,962","32,860","18,882"
180,https://www.youtube.com/watch?v=bFRSJmTWtIk,16 Jun 2020,"2,259",29,1 dislike
181,https://www.youtube.com/watch?v=lCNtfa8faBg,17 Jul 2020,787,42,None
182,https://www.youtube.com/watch?v=-Vjq-723VDY,28 Sep 2020,8,1 like,None
183,https://www.youtube.com/watch?v=L9jNwVThG8E,19 Sep 2019,"240,799","2,948",123
184,https://www.youtube.com/watch?v=M7assi-HDfM,18 Nov 2017,"135,582","1,382",89
185,https://www.youtube.com/watch?v=0aeJczxLHyg,9 Jun 2020,10,1 like,None
186,https://www.youtube.com/watch?v=47KaEX5Pc0g,Premiered on 7 Aug 2020,"6,039,780","85,479","8,543"
187,https://www.youtube.com/watch?v=sackfrbtAyw,10 Jun 2019,"131,027","2,526",84
188,https://www.youtube.com/watch?v=pjnML-MzG9I,21 Aug 2020,223,3,None
189,https://www.youtube.com/watch?v=VVPgs_MDSoI,Premiered on 21 Jun 2020,"7,149,971","219,901","6,567"
190,https://www.youtube.com/watch?v=55onVnAvSDU,26 Aug 2016,"2,231,066","11,310","1,740"
191,https://www.youtube.com/watch?v=MDnaWlULa-o,Premiered on 20 Sep 2020,485,64,1 dislike
192,https://www.youtube.com/watch?v=inut6i4LzKo,16 Dec 2019,"20,750",739,35
193,https://www.youtube.com/watch?v=nfD7PRaX1VI,10 Sep 2019,"51,556","1,059",51
194,https://www.youtube.com/watch?v=47wdZyN5GU8,16 Jan 2009,"3,538,695","8,791","1,236"
195,https://www.youtube.com/watch?v=ZR8lxW_-VJQ,28 Sep 2020,11,2,None
196,https://www.youtube.com/watch?v=D2LieRsAbag,24 Apr 2020,"1,117",50,2
197,https://www.youtube.com/watch?v=RhMYBfF7-hE,8 May 2020,"127,147,109","2,070,825","137,745"
198,https://www.youtube.com/watch?v=6DGJeXYAMNU,Streamed live on 15 Sep 2020,140,2,None
199,https://www.youtube.com/watch?v=xbCk8MyfO24,19 Oct 2018,"4,485",71,3
200,https://www.youtube.com/watch?v=dBSpbikm-tg,26 Jul 2014,"12,526",96,5
201,https://www.youtube.com/watch?v=bMR5oBD-p9M,Premiered 20 hours ago,204,30,None
202,https://www.youtube.com/watch?v=fWu6pIohqEI,Premiered on 3 Apr 2020,"3,218",145,3
203,https://www.youtube.com/watch?v=q3USLJsq6A0,26 Nov 2015,"17,300",33,None
204,https://www.youtube.com/watch?v=Jd5OvatA6SM,14 Feb 2017,"749,246","34,517",440
205,https://www.youtube.com/watch?v=w0PVHg_EEdM,3 Jan 2013,"487,208","2,539",90
206,https://www.youtube.com/watch?v=ey307HRTUb8,8 Feb 2020,"6,630,773","57,482","1,589"
207,https://www.youtube.com/watch?v=6Vr6qWbq5Mo,13 Oct 2016,"178,524","1,493",71
208,https://www.youtube.com/watch?v=ynZSHXjy7lg,28 Feb 2013,"22,906",184,13
209,https://www.youtube.com/watch?v=09LTT0xwdfw,26 Oct 2009,"121,525,370","751,916","25,517"
210,https://www.youtube.com/watch?v=XPTB4aFBgKw,13 Sep 2017,"377,266","2,555",67
211,https://www.youtube.com/watch?v=G9zaOA9Xlqw,6 May 2019,"17,838",205,4
212,https://www.youtube.com/watch?v=4DOwMnu6t60,6 Apr 2020,"3,809",124,6
213,https://www.youtube.com/watch?v=LGF9trIEhkc,9 Jul 2020,810,55,4
214,https://www.youtube.com/watch?v=NlxFIxEJp7Y,Streamed live on 2 Feb 2020,"17,002",384,21
215,https://www.youtube.com/watch?v=Twzjup24gb4,15 Aug 2020,680,165,1 dislike
216,https://www.youtube.com/watch?v=3BiadbUl6rQ,7 Jul 2019,"3,424",99,1 dislike
217,https://www.youtube.com/watch?v=BMv-s9yScCg,8 Jul 2017,"6,406",45,6
218,https://www.youtube.com/watch?v=saTAvdGMe8Q,16 Jun 2019,"44,687",402,59
219,https://www.youtube.com/watch?v=Exb-bk9zub0,18 Sep 2020,313,4,None
220,https://www.youtube.com/watch?v=TdxJVg1cWBs,30 Jan 2018,"344,860","2,412",143
221,https://www.youtube.com/watch?v=wV3N-wCRL2k,28 Jun 2018,"1,071,820,713","3,177,635","2,085,264"
222,https://www.youtube.com/watch?v=lcK_pQ4CNiU,Streamed live on 24 Aug 2018,"5,874",256,1 dislike
223,https://www.youtube.com/watch?v=lbhxHE8sESQ,15 Nov 2017,975,4,None
224,https://www.youtube.com/watch?v=AShuUpGAXWU,17 Apr 2020,11,None,None
225,https://www.youtube.com/watch?v=k0J9Q-jwDWQ,7 Sep 2019,14,1 like,None
226,https://www.youtube.com/watch?v=mGVaHGM5QxQ,1 Nov 2018,"51,781",756,92
227,https://www.youtube.com/watch?v=0mLEOYaAWFg,Premiered on 31 Dec 2019,901,22,6
228,https://www.youtube.com/watch?v=GbP_V2DeAzE,21 Feb 2015,"1,110,510","21,543",791
229,https://www.youtube.com/watch?v=nsnUnUnervY,28 Mar 2020,"137,739","4,518",114
230,https://www.youtube.com/watch?v=nxHvEDLt7Hk,31 Oct 2014,"33,848",266,15
231,https://www.youtube.com/watch?v=fTO649MedaI,23 Oct 2019,"564,694","5,071",317
232,https://www.youtube.com/watch?v=F5PNo18xa4E,2 Jan 2020,"6,385,606","27,954","4,999"
233,https://www.youtube.com/watch?v=Ce7J3uND-Uo,5 Mar 2019,"16,040",181,10
234,https://www.youtube.com/watch?v=qnVqgcqvKRM,19 Dec 2017,"6,477",97,5
235,https://www.youtube.com/watch?v=Ss6qf0U12Zs,3 Mar 2012,"3,266",10,None
236,https://www.youtube.com/watch?v=oxaZZYqKgPs,21 Sep 2020,"6,066",274,10
237,https://www.youtube.com/watch?v=L60GmbAC670,16 Dec 2019,"1,461",49,None
238,https://www.youtube.com/watch?v=5J2lpe4GPQA,24 Mar 2014,"6,003",45,2
239,https://www.youtube.com/watch?v=VGBTd3WD4SM,15 Sep 2016,"269,994,978","442,897","237,784"
240,https://www.youtube.com/watch?v=j6dBIuq-EuU,1 Aug 2016,"25,264,655","147,229","20,362"
241,https://www.youtube.com/watch?v=QfWYO2PYnBg,25 Oct 2018,"17,029",316,6
242,https://www.youtube.com/watch?v=AwBbH-smSik,22 Jan 2019,"1,760",57,4
243,https://www.youtube.com/watch?v=a59HfYQiXX4,Premiered on 4 Aug 2019,640,25,3
244,https://www.youtube.com/watch?v=NXyHYlrrz5s,8 Mar 2020,14,3,None
245,https://www.youtube.com/watch?v=FF2OrPJvYNg,22 Aug 2019,"18,925",180,27
246,https://www.youtube.com/watch?v=P87S2Jumj90,14 Feb 2019,"141,076","3,495",73
247,https://www.youtube.com/watch?v=pMo2xFIVAuo,21 Oct 2019,141,19,None
248,https://www.youtube.com/watch?v=CkU1ClC5DF8,13 Feb 2019,"14,293",79,4
249,https://www.youtube.com/watch?v=LgaZ9uk7MZU,Streamed live on 1 Jul 2020,142,3,None
250,https://www.youtube.com/watch?v=vAElVaUK2gU,23 Jan 2020,21,2,None
251,https://www.youtube.com/watch?v=Ef9EpryU6PM,18 Apr 2020,"212,682","10,598",369
252,https://www.youtube.com/watch?v=ltRbx3oE490,16 Jun 2010,"149,531","1,155",50
253,https://www.youtube.com/watch?v=r1ZIUfRWN6Q,29 Sep 2020,"1,810",181,3
254,https://www.youtube.com/watch?v=AHn2NB4rVdk,7 Sep 2013,638,2,None
255,https://www.youtube.com/watch?v=RbD9McgRxVo,17 Feb 2020,"127,099","2,727",106
256,https://www.youtube.com/watch?v=INp95RT0OMY,Premiered on 8 Sep 2019,"240,750","2,895",538
257,https://www.youtube.com/watch?v=sohrwsTG7mc,20 Apr 2019,"2,547",23,2
258,https://www.youtube.com/watch?v=_ps0-qt4Hgk,27 Sep 2014,"137,457",547,110
259,https://www.youtube.com/watch?v=6R2186Pv_oQ,Premiered on 22 Nov 2019,"6,238,785","65,384","1,982"
260,https://www.youtube.com/watch?v=21a_9ZZLSxA,24 May 2020,"4,202",187,9
261,https://www.youtube.com/watch?v=SOfGRcNKE3M,18 Jan 2020,"152,096","1,633",198
262,https://www.youtube.com/watch?v=r5zxzLAo67Q,Premiered on 19 Dec 2019,"385,029","4,105",198
263,https://www.youtube.com/watch?v=hwHUQ5C3q3w,10 Aug 2014,"14,199",174,12
264,https://www.youtube.com/watch?v=qfSTiAw1rkM,3 Oct 2019,"3,369,506","30,569",929
265,https://www.youtube.com/watch?v=T4hRrsrkvRU,27 Dec 2019,"1,402",33,8
266,https://www.youtube.com/watch?v=xahdKJXs1sA,Premiered on 21 Sep 2020,"1,748",65,1 dislike
267,https://www.youtube.com/watch?v=LKw-poAK9bA,7 Oct 2018,"769,503","7,227","1,509"
268,https://www.youtube.com/watch?v=G-kCOYB8Nu0,26 May 2020,"22,891,070","108,458","11,062"
269,https://www.youtube.com/watch?v=Q5pwBngj5a4,6 Aug 2020,"4,986",141,6
270,https://www.youtube.com/watch?v=bhcxl2Dbq2s,20 Feb 2018,"2,188,793","26,932","6,573"
271,https://www.youtube.com/watch?v=wavEEq0l5jY,14 May 2019,"6,905,256","19,696","13,129"
272,https://www.youtube.com/watch?v=yfMUddrdKGM,8 May 2020,"1,115",197,None
273,https://www.youtube.com/watch?v=Kb4kWuQsSxU,23 Jul 2020,43,1 like,1 dislike
274,https://www.youtube.com/watch?v=frgrElZI5Cc,17 Jul 2020,"36,134","1,049",26
275,https://www.youtube.com/watch?v=jF_FI21zCNs,29 Mar 2015,"56,664",730,8
276,https://www.youtube.com/watch?v=OQUibxvwHgE,20 Aug 2020,10,None,None
277,https://www.youtube.com/watch?v=Y9cfuvYF-iY,14 Aug 2020,"83,705","2,987",90
278,https://www.youtube.com/watch?v=15aMdVQxllY,5 Oct 2018,"122,639","2,074",44
279,https://www.youtube.com/watch?v=xnwwwUe4LCE,27 Oct 2019,"8,777",124,5
280,https://www.youtube.com/watch?v=XWYiyRUihRc,18 Jul 2014,"84,491","1,038",77
281,https://www.youtube.com/watch?v=NuHKg7G3UvY,23 Sep 2020,172,20,None
282,https://www.youtube.com/watch?v=DztogWiMnMg,1 Jun 2017,"12,594,589","28,487","12,043"
283,https://www.youtube.com/watch?v=T22m5JqEA20,31 May 2020,"2,745",122,5
284,https://www.youtube.com/watch?v=LzazEfnUKPY,27 Apr 2020,1 view,None,None
285,https://www.youtube.com/watch?v=u1Y_G1bvMso,31 Aug 2020,9,3,None
286,https://www.youtube.com/watch?v=TFJJalBAtOI,9 Jul 2020,"70,714","4,502",120
287,https://www.youtube.com/watch?v=uZFx6BJwLm4,2 Jan 2016,"19,941",215,3
288,https://www.youtube.com/watch?v=yKr7Q6OZjss,4 Jul 2020,"18,749",326,53
289,https://www.youtube.com/watch?v=2d1dGeFEFfQ,30 Sep 2016,"2,208,106","10,197",300
290,https://www.youtube.com/watch?v=KDxJlW6cxRk,15 Sep 2015,"556,166,037","2,536,572","77,101"
291,https://www.youtube.com/watch?v=zfXBNQMj2SE,5 Aug 2009,"121,560,274","458,173","22,458"
292,https://www.youtube.com/watch?v=0g71IgyN3oo,9 Mar 2019,401,9,None
293,https://www.youtube.com/watch?v=NNpJWlpLYxQ,8 Jun 2020,90,24,None
294,https://www.youtube.com/watch?v=KMv86iytgRo,14 Sep 2020,695,35,5
295,https://www.youtube.com/watch?v=AS6wb9-xwhk,1 Sep 2019,"17,243",256,20
296,https://www.youtube.com/watch?v=9wmN4nUIiZw,Premiered on 27 Jul 2019,"34,357,650","226,163","20,477"
297,https://www.youtube.com/watch?v=AlCaw5kC_FQ,24 Dec 2019,"172,968","5,145",160
298,https://www.youtube.com/watch?v=di8Fq2zzaWU,26 Apr 2019,"12,015,351","84,206","49,035"
299,https://www.youtube.com/watch?v=z1gFMujtH-o,10 Aug 2011,"1,194,035,864","1,907,431","1,140,776"
300,https://www.youtube.com/watch?v=1gZY3_2NfIg,Streamed live on 8 Mar 2020,91,2,None
301,https://www.youtube.com/watch?v=Q5q0gYHykYs,28 Sep 2020,"3,697",281,8
302,https://www.youtube.com/watch?v=pOLaYkeEt6M,10 Oct 2016,"2,226,623","30,824",374
303,https://www.youtube.com/watch?v=FaMVPaLkqbw,12 Aug 2019,"137,995,152","452,054","226,741"
304,https://www.youtube.com/watch?v=E7LrAdgiIKo,11 Sep 2019,"11,194",323,7
305,https://www.youtube.com/watch?v=mgqic1jnR3I,9 Jul 2019,"25,767","1,076",22
306,https://www.youtube.com/watch?v=n3dLBGyw--Q,4 Dec 2019,"16,747",79,3
307,https://www.youtube.com/watch?v=NfaYznS0ZcA,29 Feb 2020,"8,764",167,11
308,https://www.youtube.com/watch?v=lQ1hyaTQ8Ls,19 Aug 2019,"484,221","11,840",202
309,https://www.youtube.com/watch?v=RXpbfvU_Inw,23 Nov 2016,"106,706","1,982",672
310,https://www.youtube.com/watch?v=WAbIrfNAlEE,27 Aug 2019,"3,155",40,5
311,https://www.youtube.com/watch?v=_Q7dn5NgTMg,16 Jul 2018,"4,432,397","121,837","4,357"
312,https://www.youtube.com/watch?v=9ERhEfpOwCw,23 Jan 2017,"9,154",74,8
313,https://www.youtube.com/watch?v=9G3wyDxyuYc,17 Feb 2016,31,1 like,None
314,https://www.youtube.com/watch?v=ILuwJFYCtu4,29 Jul 2015,"3,411",12,None
315,https://www.youtube.com/watch?v=4dmqdfe9FGE,18 Oct 2019,"200,585","3,640",66
316,https://www.youtube.com/watch?v=NtzftGb0EcM,11 Mar 2019,"326,619,091","1,196,236","601,625"
317,https://www.youtube.com/watch?v=dWInNGhwidQ,2 Jun 2014,"40,629,765","901,646","12,046"
318,https://www.youtube.com/watch?v=8khvLYW_fnM,23 Jun 2014,"9,693,263","125,835","6,428"
319,https://www.youtube.com/watch?v=1LoLEEsWBDg,7 Sep 2016,366,None,None
320,https://www.youtube.com/watch?v=Sr3QNwLVsb8,Streamed live on 4 Jun 2020,261,3,None
321,https://www.youtube.com/watch?v=__uLHguv4FU,26 Nov 2015,"21,695",55,4
322,https://www.youtube.com/watch?v=MulTg3gtlgk,28 Apr 2020,"635,999","6,898",142
323,https://www.youtube.com/watch?v=0nGb4E4uCOc,8 Feb 2020,"1,490,391","20,759","2,029"
324,https://www.youtube.com/watch?v=TPA0spMW6ZU,Streamed live on 21 May 2020,122,1 like,None
325,https://www.youtube.com/watch?v=-bFfwFO7-0I,9 Jun 2010,"3,984",33,1 dislike
326,https://www.youtube.com/watch?v=NC38-qqiVgg,27 Aug 2011,"718,985","5,897",90
327,https://www.youtube.com/watch?v=4zUkFxSCmS4,11 Sep 2020,"93,232",651,367
328,https://www.youtube.com/watch?v=N-cE8nm29bc,6 Jul 2019,"1,835,453","9,610","6,508"
329,https://www.youtube.com/watch?v=NQVEk5QpcNk,Premiered on 23 Sep 2020,275,47,1 dislike
330,https://www.youtube.com/watch?v=ULh1oPkzV-o,3 Apr 2019,"26,397",600,26
331,https://www.youtube.com/watch?v=jkl_A8rFIOc,15 Mar 2019,"17,785",135,13
332,https://www.youtube.com/watch?v=eeQTry6eHHc,17 May 2019,"32,976",688,57
333,https://www.youtube.com/watch?v=U5dJn7V_4Bk,3 Dec 2018,"1,961,905","59,751","3,346"
334,https://www.youtube.com/watch?v=giTavUJtFF4,Premiered on 22 Sep 2020,300,45,1 dislike
335,https://www.youtube.com/watch?v=IO11bt8Cba8,29 Jun 2020,"15,921",516,39
336,https://www.youtube.com/watch?v=XtbJjHtXs_o,12 Apr 2019,"739,796","2,777",307
337,https://www.youtube.com/watch?v=CkP5ls5xKxA,9 Nov 2019,"25,022",879,77
338,https://www.youtube.com/watch?v=4abLXb3v3K0,21 Oct 2019,"2,180",72,1 dislike
339,https://www.youtube.com/watch?v=65HI7xgxQus,10 Apr 2020,"2,504",68,4
340,https://www.youtube.com/watch?v=V217jbuWOT0,20 Apr 2019,"2,119",45,None
341,https://www.youtube.com/watch?v=90C8loBKDnE,29 Apr 2016,"4,544,708","14,346","1,319"
342,https://www.youtube.com/watch?v=ovLoM2sYons,21 Jul 2015,"7,033",100,3
343,https://www.youtube.com/watch?v=F3E0X5bVMcg,6 Jun 2012,"48,908",279,30
344,https://www.youtube.com/watch?v=TXy5OOhqJWA,10 Aug 2015,915,1 like,None
345,https://www.youtube.com/watch?v=VUlxEZim4ww,24 Apr 2012,"10,790",24,None
346,https://www.youtube.com/watch?v=yj0qp2DDYUM,16 Jan 2020,"17,840,994","68,494","31,820"
347,https://www.youtube.com/watch?v=XXCoCDY5goY,14 Sep 2020,628,55,None
348,https://www.youtube.com/watch?v=rShJbhTzb4I,8 Oct 2011,"80,859",109,19
349,https://www.youtube.com/watch?v=1cYWvOQ0zLc,25 Aug 2015,"14,380,523","61,668","6,279"
350,https://www.youtube.com/watch?v=U70iwnQX0iI,1 Jan 2020,"4,837",54,5
351,https://www.youtube.com/watch?v=qb3pSTpJUaM,27 Sep 2020,"4,803",175,None
352,https://www.youtube.com/watch?v=x0WnDO78_mM,Premiered on 11 Sep 2020,"1,249",31,1 dislike
353,https://www.youtube.com/watch?v=OdFQVKZHmOI,Premiered on 18 Mar 2020,"7,207,055","96,743","9,281"
354,https://www.youtube.com/watch?v=R9YM_8rUWAM,5 Nov 2018,"10,743,932","92,452","14,343"
355,https://www.youtube.com/watch?v=bEQzexSzdPI,8 Oct 2016,"202,970","1,417",56
356,https://www.youtube.com/watch?v=NlAGNnFqw4s,Premiered on 24 Dec 2019,"38,808",413,72
357,https://www.youtube.com/watch?v=x2EknSfRv_w,1 Feb 2020,"723,792","4,761",609
358,https://www.youtube.com/watch?v=efDMfJrVDnM,3 Nov 2019,"2,260",71,2
359,https://www.youtube.com/watch?v=EgqUJOudrcM,6 Aug 2015,"1,390,889,640","4,607,066","216,450"
360,https://www.youtube.com/watch?v=F2SDf42guB4,10 Apr 2012,"4,186,885","18,995",568
361,https://www.youtube.com/watch?v=JzeMmZbjMIY,18 Mar 2018,"235,620","2,887",234
362,https://www.youtube.com/watch?v=l7vFA-0vGXA,31 Mar 2013,"22,525",103,5
363,https://www.youtube.com/watch?v=v7wAHLdjtFM,25 Jul 2018,"149,724","4,735",96
364,https://www.youtube.com/watch?v=1N0IJmASZZU,8 Jul 2019,"3,762,109","86,976",894
365,https://www.youtube.com/watch?v=doQNF_A9Wu8,21 Sep 2020,"37,310",664,21
366,https://www.youtube.com/watch?v=TurSzbR-Dxc,20 May 2016,"42,144","1,204",141
367,https://www.youtube.com/watch?v=CMbIALmGAno,29 May 2020,17,None,None
368,https://www.youtube.com/watch?v=lCJxb87BBPw,17 Apr 2020,244,1 like,None
369,https://www.youtube.com/watch?v=9U172PZC1qI,5 Apr 2019,209,8,None
370,https://www.youtube.com/watch?v=VNgV3duf0-8,25 May 2020,"10,623",404,10
371,https://www.youtube.com/watch?v=GF-x2S-LToc,7 Apr 2017,"2,336,242","17,570","3,458"
372,https://www.youtube.com/watch?v=BMMl5IbOv6I,16 Jul 2019,"241,672","6,445",141
373,https://www.youtube.com/watch?v=9fb8Jcani4w,24 Jun 2020,"3,279",91,11
374,https://www.youtube.com/watch?v=XqZsoesa55w,17 Jun 2016,"6,691,251,517","20,878,410","9,594,966"
375,https://www.youtube.com/watch?v=sfNCdM7_5Fc,24 Sep 2019,"38,586",991,46
376,https://www.youtube.com/watch?v=iki6LfWjs9U,10 Jun 2019,"44,542",717,46
377,https://www.youtube.com/watch?v=tMI6X-3ZP6k,22 Jan 2016,"16,855,465","105,028","24,209"
378,https://www.youtube.com/watch?v=yrYxt1FZYgA,26 Feb 2020,"56,104,418","319,627","11,889"
379,https://www.youtube.com/watch?v=y6lwGIXoHC8,14 Apr 2017,"16,309,688","35,698","6,227"
380,https://www.youtube.com/watch?v=lB15kmBnS4M,Premiered on 9 Nov 2019,"258,951","12,275",110
381,https://www.youtube.com/watch?v=6FNSvANYn5g,8 Jun 2019,"545,708","5,202","1,059"
382,https://www.youtube.com/watch?v=Sc7GiHAbw6w,30 Jun 2013,"4,827",13,1 dislike
383,https://www.youtube.com/watch?v=NxwJ1q7cIck,6 May 2016,"82,523,225","634,314","14,203"
384,https://www.youtube.com/watch?v=IPpPEsamKLg,16 Sep 2020,1 view,None,None
385,https://www.youtube.com/watch?v=mP5mgAhMAWw,1 Jul 2016,"5,749",39,1 dislike
386,https://www.youtube.com/watch?v=84iKFoMiRyI,19 Mar 2019,"1,324",108,7
387,https://www.youtube.com/watch?v=nRqwkuIgeVA,18 Nov 2014,"6,548",26,4
388,https://www.youtube.com/watch?v=TPQrv4DHsU4,18 Jun 2015,"2,263,543","10,579","1,410"
389,https://www.youtube.com/watch?v=QCM1piCcz6E,23 Dec 2016,"1,242,076","12,075",618
390,https://www.youtube.com/watch?v=q9IfqTm-3sE,21 Dec 2016,"200,591","4,672",37
391,https://www.youtube.com/watch?v=GERVEvbh59M,18 Dec 2016,"7,001",30,2
392,https://www.youtube.com/watch?v=iJA8eNcDeCo,21 Dec 2015,"134,114",925,46
393,https://www.youtube.com/watch?v=jQIa9OCwwYY,1 Aug 2020,951,88,3
394,https://www.youtube.com/watch?v=TtpTdkBkqf8,26 Sep 2019,"551,420,606","2,100,527","1,066,600"
395,https://www.youtube.com/watch?v=qPSLBRfe8Bw,16 Jul 2020,101,3,1 dislike
396,https://www.youtube.com/watch?v=iltM_9LnIdw,25 Sep 2020,"38,722",328,183
397,https://www.youtube.com/watch?v=wzx87AqPYVk,11 Aug 2011,"29,581",384,6
398,https://www.youtube.com/watch?v=n2d5MuMTdaw,12 Aug 2019,"1,947",47,1 dislike
399,https://www.youtube.com/watch?v=n0wYUa6mufM,13 Feb 2018,"125,641",453,43
400,https://www.youtube.com/watch?v=GG2jench7Kg,15 Aug 2009,"3,241,088","15,201",465
401,https://www.youtube.com/watch?v=3iJa5IVd5f8,8 Mar 2019,"2,715",171,1 dislike
402,https://www.youtube.com/watch?v=7rb5NY5XY2Y,6 Nov 2019,947,6,None
403,https://www.youtube.com/watch?v=GI2jkzrKBrE,23 Jun 2020,"203,655","2,657",67
404,https://www.youtube.com/watch?v=Ry9LGLozd58,8 Jul 2016,"29,602",44,2
405,https://www.youtube.com/watch?v=UGyrKr0mA4U,20 Oct 2019,751,19,None
406,https://www.youtube.com/watch?v=TKC-2bhXRwo,16 Oct 2018,"75,243","1,133",38
407,https://www.youtube.com/watch?v=bCn92IKdU8s,Premiered on 22 May 2020,"19,833,240","199,778","14,642"
408,https://www.youtube.com/watch?v=qRbTRyQlo48,24 Sep 2014,"674,156","5,845",325
409,https://www.youtube.com/watch?v=-60un05lPzA,2 Sep 2020,"137,305","8,120",82
410,https://www.youtube.com/watch?v=ZzWGgrkZ5jE,16 Dec 2018,"264,093","4,965",113
411,https://www.youtube.com/watch?v=kDTU5oXTCpc,18 Feb 2020,"51,435","1,556",34
412,https://www.youtube.com/watch?v=liO7MW-x6V8,12 Jul 2020,"2,620",48,None
413,https://www.youtube.com/watch?v=g7TxkffmwgQ,8 Oct 2011,"129,821",232,17
414,https://www.youtube.com/watch?v=swHeWoElFJI,Premiered on 27 Sep 2020,286,41,None
415,https://www.youtube.com/watch?v=aN_EvIKPxrE,22 Apr 2019,"25,217,919","143,209","88,858"
416,https://www.youtube.com/watch?v=9NFtWMqI3tc,10 Oct 2017,"32,003,898","62,027","33,078"
417,https://www.youtube.com/watch?v=ht4Bd7moiMo,3 Mar 2020,"5,349,216","28,074","4,749"
418,https://www.youtube.com/watch?v=geqLoqOHPfg,6 Apr 2020,"76,078","3,441",22
419,https://www.youtube.com/watch?v=xNIkJdLTv0U,14 Sep 2015,"684,371","9,947",453
420,https://www.youtube.com/watch?v=2RConCNCIPU,17 Apr 2020,81,1 like,None
421,https://www.youtube.com/watch?v=iYFXlYrVJw4,23 Jul 2018,"2,616",222,28
422,https://www.youtube.com/watch?v=1Wp5sDrwH3o,10 Oct 2018,"70,936,619","173,265","72,677"
423,https://www.youtube.com/watch?v=xYiYv8Wmeyw,11 Aug 2018,"3,796,929","82,583","3,223"
424,https://www.youtube.com/watch?v=pkfipoL-3Tc,26 Dec 2018,221,1 like,3
425,https://www.youtube.com/watch?v=F0WYCKOMWMs,22 Mar 2014,"329,402","1,099",212
426,https://www.youtube.com/watch?v=T4j-fYoxY-s,17 Jul 2017,668,1 like,1 dislike
427,https://www.youtube.com/watch?v=1JZGFjufJEY,9 Jun 2014,"38,238,731","311,227","20,909"
428,https://www.youtube.com/watch?v=X1YAkIj8gM0,19 Jul 2019,"2,960",68,4
429,https://www.youtube.com/watch?v=tedk4svmxsI,18 Aug 2010,"141,987",472,87
430,https://www.youtube.com/watch?v=-KxGQcJtDHo,13 Apr 2011,"258,533","1,146",80
431,https://www.youtube.com/watch?v=pHW89O_z_4s,18 Mar 2018,"25,543",459,7
432,https://www.youtube.com/watch?v=Wi7FdwmTU5c,30 Jan 2019,"9,475",94,35
433,https://www.youtube.com/watch?v=e3KMthgj5NA,20 Nov 2018,"23,668",233,8
434,https://www.youtube.com/watch?v=a-G2LZjS8H8,30 Jul 2020,"62,837","1,614",56
435,https://www.youtube.com/watch?v=h14HvgWTSoA,31 Mar 2014,"1,130,157","13,822",330
436,https://www.youtube.com/watch?v=fbtCfcGHznQ,Premiered on 27 Apr 2020,"10,828,287","90,501","6,101"
437,https://www.youtube.com/watch?v=pq643-EIt2Q,31 Mar 2020,"5,928",157,4
438,https://www.youtube.com/watch?v=srvEwgUVZIU,30 Aug 2020,"1,069",4,10
439,https://www.youtube.com/watch?v=aQsctOVS-UM,13 Aug 2020,"936,541","14,023","1,845"
440,https://www.youtube.com/watch?v=S-BiwiXeeko,21 Nov 2017,"3,765",15,None
441,https://www.youtube.com/watch?v=uB1kTVQQOoA,17 Sep 2020,"145,987","3,082",685
442,https://www.youtube.com/watch?v=3yBEUpRVk5E,6 May 2019,"28,717,713","196,626","122,608"
443,https://www.youtube.com/watch?v=3WOZwwRH6XU,3 Aug 2011,"17,615,276","138,013","8,419"
444,https://www.youtube.com/watch?v=68PnGoCoxiQ,3 Jun 2019,"1,436,312","22,254",227
445,https://www.youtube.com/watch?v=z8juBrsp7-Q,1 May 2013,"16,109,945","65,835","24,318"
446,https://www.youtube.com/watch?v=0GjNJQMM3dA,28 Nov 2019,"325,137","4,983","2,447"
447,https://www.youtube.com/watch?v=5iANYd4nS3I,30 Apr 2020,"13,763",384,3
448,https://www.youtube.com/watch?v=2kcwOKy5cLo,18 Mar 2019,"15,891,893","51,939","27,993"
449,https://www.youtube.com/watch?v=xRfcuSjurvo,22 Nov 2014,"1,034,336","6,947",317
450,https://www.youtube.com/watch?v=0Ip_wCajNfk,6 Sep 2019,"17,663",605,4
451,https://www.youtube.com/watch?v=2PDK3a7tYbs,31 Aug 2019,"198,444,793","947,506","401,304"
452,https://www.youtube.com/watch?v=sF6AFJchXEM,19 Aug 2015,"83,388",118,47
453,https://www.youtube.com/watch?v=wgotG86zklk,16 Jan 2019,"16,595",335,18
454,https://www.youtube.com/watch?v=OX0tE04gZx8,30 May 2020,"6,802",140,6
455,https://www.youtube.com/watch?v=WWG3jpN9ovM,24 Feb 2019,"16,043",588,25
456,https://www.youtube.com/watch?v=E7az72fprRA,28 Nov 2018,"4,416,534","50,351","8,614"
457,https://www.youtube.com/watch?v=Njh4u-_BxKU,13 Sep 2020,668,48,None
458,https://www.youtube.com/watch?v=jF4K0nHqAog,14 Aug 2020,351,26,None
459,https://www.youtube.com/watch?v=q0bkJQmIIOw,7 Feb 2020,"7,404,313","27,282","14,964"
460,https://www.youtube.com/watch?v=hYK0Nb4Tt8s,2 Jul 2014,"5,314",10,1 dislike
461,https://www.youtube.com/watch?v=jeOcJI3GBhE,Premiered on 23 Apr 2020,"47,966","1,543",51
462,https://www.youtube.com/watch?v=vn2xFwmm-BQ,16 Feb 2019,"4,807",159,None
463,https://www.youtube.com/watch?v=qW4Tt3RqA_U,18 Sep 2020,643,22,None
464,https://www.youtube.com/watch?v=9FDuUd39NOI,20 Dec 2018,"878,766,652","2,672,109","1,823,456"
465,https://www.youtube.com/watch?v=aKcvidmy1so,4 Feb 2020,"22,856",755,5
466,https://www.youtube.com/watch?v=A3_Vd1_p9NI,1 Nov 2018,"2,218",51,2
467,https://www.youtube.com/watch?v=9eG_tO5X-Ok,4 Jul 2018,551,4,3
468,https://www.youtube.com/watch?v=5pNfHAbARAY,3 Apr 2016,"846,120","55,904","1,779"
469,https://www.youtube.com/watch?v=80jdXemceBU,16 Jul 2020,"3,550",108,None
470,https://www.youtube.com/watch?v=RSEBBk3-c80,18 Feb 2020,"1,175",7,None
471,https://www.youtube.com/watch?v=R0NpahenvAg,1 Jan 2016,"10,727,439","97,797","6,916"
472,https://www.youtube.com/watch?v=4trJQqH66sU,9 Sep 2020,"2,716",219,1 dislike
473,https://www.youtube.com/watch?v=4etilyqPUiY,4 Apr 2017,"33,767",412,31
474,https://www.youtube.com/watch?v=G8jONnSMNpc,30 Jul 2020,"55,784","3,264",42
